name,address,mobile
John Doe,123 Elm St,555-1234
Jane Smith,456 Oak St,555-5678
Alice Johnson,789 Pine St,555-8765
Bob Brown,135 Maple St,555-4321
Carol White,246 Birch St,555-6789
David Green,357 Cedar St,555-3456
Eva Black,468 Spruce St,555-7890
Frank Harris,579 Walnut St,555-2345
Grace Lewis,680 Cherry St,555-6780
Henry Clark,791 Dogwood St,555-9876
Ivy Lewis,902 Fir St,555-6543
Jack Miller,113 Hemlock St,555-3210
Kara Moore,224 Juniper St,555-8901
Leo Scott,335 Larch St,555-5670
Mia Adams,446 Maple Ave,555-2340
Nate King,557 Oak Ave,555-6781
Olivia Turner,668 Pine Ave,555-7891
Paul Adams,779 Cedar Ave,555-8902
Quinn Taylor,880 Birch Ave,555-3457
Rachel Wilson,991 Spruce Ave,555-6782
Sam Thomas,102 Willow St,555-7892
Tina Martinez,213 Poplar St,555-8903
Ursula Thompson,324 Chestnut St,555-2341
Victor Harris,435 Elm Ave,555-6783
Wendy Young,546 Oak Ave,555-7893
Xander Nelson,657 Pine Ave,555-8904
Yara Carter,768 Cedar Ave,555-3458
Zack Morgan,879 Birch Ave,555-6784
Anna Wilson,990 Maple St,555-7894
Brian Johnson,101 Spruce St,555-8905
Clara Lee,212 Dogwood St,555-2342
Derek Hall,323 Cherry St,555-6785
Ella Brown,434 Walnut St,555-7895
Finn Allen,545 Fir St,555-8906
Gina Wright,656 Hemlock St,555-3459
Hugo Adams,767 Juniper St,555-6786
Iris Hill,878 Larch St,555-7896
James Harris,989 Maple Ave,555-8907
Katie Clark,110 Oak Ave,555-2343
Liam Turner,221 Pine Ave,555-6787
Megan Lewis,332 Cedar Ave,555-7897
Nolan Smith,443 Birch Ave,555-8908
Olive Walker,554 Spruce Ave,555-3450
Peter King,665 Elm Ave,555-6788
Quincy White,776 Poplar Ave,555-7898
Rachel Scott,887 Chestnut Ave,555-8909
Steve Martinez,998 Hemlock Ave,555-2344
Tara Lewis,109 Juniper Ave,555-6789
Ulysses Clark,220 Larch Ave,555-7899
Vera Young,331 Willow Ave,555-8900
William Scott,442 Oak St,555-3451
Xena Miller,553 Pine St,555-6780
Yasmine Taylor,664 Cedar St,555-7890
Zane Adams,775 Birch St,555-8901
Amy Green,886 Spruce St,555-2345
Brian White,997 Walnut St,555-6781
Cathy Moore,108 Fir St,555-7891
Derek Brown,219 Hemlock St,555-8902
Ella Scott,330 Juniper St,555-3452
Frank Wilson,441 Larch St,555-6782
Grace Young,552 Willow St,555-7892
Henry Johnson,663 Poplar St,555-8903
Ivy Clark,774 Chestnut St,555-2346
Jack Lee,885 Maple St,555-6783
Kara Martinez,996 Oak St,555-7893
Leo Taylor,107 Pine St,555-8904
Mia Adams,218 Cedar St,555-3453
Nate Wilson,329 Birch St,555-6784
Olivia Brown,440 Spruce St,555-7894
Paul Young,551 Walnut St,555-8905
Quinn Harris,662 Fir St,555-2347
Rachel Turner,773 Hemlock St,555-6785
Sam Lewis,884 Juniper St,555-7895
Tina Scott,995 Larch St,555-8906
Ursula Adams,106 Willow St,555-3454
Victor King,217 Poplar St,555-6786
Wendy Lee,328 Chestnut St,555-7896
Xander Moore,439 Maple St,555-8907
Yara Green,550 Oak St,555-2348
Zack Lewis,661 Pine St,555-6787
Anna Harris,772 Cedar St,555-7897
Brian Wilson,883 Birch St,555-8908
Clara Turner,994 Spruce St,555-3455
Derek Johnson,105 Walnut St,555-6788
Ella Martinez,216 Fir St,555-7898
Finn Brown,327 Hemlock St,555-8909
Gina Scott,438 Juniper St,555-2349
Hugo Lewis,549 Larch St,555-6789
Iris Taylor,660 Willow St,555-7899
James King,771 Poplar St,555-8900
Katie Young,882 Chestnut St,555-3456
Liam Harris,993 Maple St,555-6780
Megan Wilson,104 Oak Ave,555-7890
Nolan Clark,215 Pine Ave,555-8901
Olive Green,326 Cedar Ave,555-3457
Peter Martinez,437 Birch Ave,555-6781
Quincy Smith,548 Spruce Ave,555-7891
Rachel Adams,659 Walnut Ave,555-8902
Steve Brown,770 Fir Ave,555-2341
Tara Turner,881 Hemlock Ave,555-6782
Ulysses Harris,992 Juniper Ave,555-7892
Vera Clark,103 Larch Ave,555-8903
William Young,214 Willow Ave,555-3458
Xena Johnson,325 Poplar Ave,555-6783
Yasmine Clark,436 Chestnut Ave,555-7893
Zane Lewis,547 Maple Ave,555-8904
